Datetime,Open,High,Low,Close,Volume
2025-08-28 06:15:00+00:00,1.1004967141530113,1.1012967141530112,1.0996967141530114,1.1005967141530113,1064
2025-08-28 07:15:00+00:00,1.1003584498518402,1.10115844985184,1.0995584498518403,1.1004584498518402,1057
2025-08-28 08:15:00+00:00,1.1010061383899408,1.1018061383899407,1.1002061383899409,1.1011061383899408,1035
2025-08-28 09:15:00+00:00,1.102529168246349,1.1033291682463489,1.101729168246349,1.102629168246349,1098
2025-08-28 10:15:00+00:00,1.1022950148716255,1.1030950148716254,1.1014950148716256,1.1023950148716255,1060
2025-08-28 11:15:00+00:00,1.1020608779146763,1.1028608779146762,1.1012608779146764,1.1021608779146763,1023
2025-08-28 12:15:00+00:00,1.1036400907301838,1.1044400907301837,1.1028400907301839,1.1037400907301838,1010
2025-08-28 13:15:00+00:00,1.1044075254593366,1.1052075254593365,1.1036075254593367,1.1045075254593366,1015
2025-08-28 14:15:00+00:00,1.1039380510734016,1.1047380510734015,1.1031380510734017,1.1040380510734016,1024
2025-08-28 15:15:00+00:00,1.1044806111169876,1.1052806111169875,1.1036806111169877,1.1045806111169876,1016
2025-08-28 16:15:00+00:00,1.1040171934241751,1.104817193424175,1.1032171934241752,1.1041171934241751,1018
2025-08-28 17:15:00+00:00,1.103551463670605,1.1043514636706049,1.102751463670605,1.103651463670605,1028
2025-08-28 18:15:00+00:00,1.103793425942171,1.1045934259421708,1.102993425942171,1.1038934259421709,1017
2025-08-28 19:15:00+00:00,1.1018801456975131,1.102680145697513,1.1010801456975132,1.1019801456975131,1089
2025-08-28 20:15:00+00:00,1.1001552278650002,1.100955227865,1.0993552278650003,1.1002552278650002,1008
2025-08-28 21:15:00+00:00,1.0995929403357592,1.100392940335759,1.0987929403357592,1.0996929403357592,1052
2025-08-28 22:15:00+00:00,1.0985801092154248,1.0993801092154247,1.097780109215425,1.0986801092154248,1041
2025-08-28 23:15:00+00:00,1.09889435654802,1.09969435654802,1.0980943565480201,1.09899435654802,1098
2025-08-29 00:15:00+00:00,1.0979863324724988,1.0987863324724987,1.0971863324724989,1.0980863324724988,1011
2025-08-29 01:15:00+00:00,1.0965740287711636,1.0973740287711635,1.0957740287711637,1.0966740287711636,1039
2025-08-29 02:15:00+00:00,1.0980396775400851,1.098839677540085,1.0972396775400852,1.0981396775400851,1096
2025-08-29 03:15:00+00:00,1.0978139012395984,1.0986139012395983,1.0970139012395985,1.0979139012395984,1086
2025-08-29 04:15:00+00:00,1.0978814294442865,1.0986814294442864,1.0970814294442865,1.0979814294442864,1081
2025-08-29 05:15:00+00:00,1.096456681258073,1.0972566812580729,1.095656681258073,1.096556681258073,1025
2025-08-29 06:15:00+00:00,1.0959122985335479,1.0967122985335478,1.095112298533548,1.0960122985335479,1017
2025-08-29 07:15:00+00:00,1.0960232211232577,1.0968232211232576,1.0952232211232578,1.0961232211232577,1066
2025-08-29 08:15:00+00:00,1.0948722275458354,1.0956722275458353,1.0940722275458354,1.0949722275458353,1092
2025-08-29 09:15:00+00:00,1.0952479255641812,1.096047925564181,1.0944479255641812,1.0953479255641811,1055
2025-08-29 10:15:00+00:00,1.0946472868742623,1.0954472868742622,1.0938472868742624,1.0947472868742623,1057
2025-08-29 11:15:00+00:00,1.094355593124469,1.095155593124469,1.0935555931244691,1.094455593124469,1027
2025-08-29 12:15:00+00:00,1.0937538865122396,1.0945538865122395,1.0929538865122397,1.0938538865122396,1076
2025-08-29 13:15:00+00:00,1.0956061646967485,1.0964061646967485,1.0948061646967486,1.0957061646967485,1018
2025-08-29 14:15:00+00:00,1.0955926674720107,1.0963926674720106,1.0947926674720108,1.0956926674720107,1032
2025-08-29 15:15:00+00:00,1.0945349565430547,1.0953349565430546,1.0937349565430547,1.0946349565430546,1042
2025-08-29 16:15:00+00:00,1.0953575014551578,1.0961575014551577,1.0945575014551578,1.0954575014551577,1050
2025-08-29 17:15:00+00:00,1.0941366578051868,1.0949366578051867,1.0933366578051869,1.0942366578051868,1024
2025-08-29 18:15:00+00:00,1.0943455214001916,1.0951455214001915,1.0935455214001917,1.0944455214001916,1011
2025-08-29 19:15:00+00:00,1.0923858512763118,1.0931858512763117,1.091585851276312,1.0924858512763118,1061
2025-08-29 20:15:00+00:00,1.0910576652274133,1.0918576652274132,1.0902576652274134,1.0911576652274133,1028
2025-08-29 21:15:00+00:00,1.0912545264632825,1.0920545264632824,1.0904545264632826,1.0913545264632825,1058
2025-08-29 22:15:00+00:00,1.091992993043278,1.0927929930432778,1.091192993043278,1.092092993043278,1015
2025-08-29 23:15:00+00:00,1.0921643613244678,1.0929643613244677,1.091364361324468,1.0922643613244678,1048
2025-08-30 00:15:00+00:00,1.0920487130420797,1.0928487130420796,1.0912487130420798,1.0921487130420797,1053
2025-08-30 01:15:00+00:00,1.0917476093464904,1.0925476093464903,1.0909476093464905,1.0918476093464904,1005
2025-08-30 02:15:00+00:00,1.090269087356123,1.0910690873561228,1.089469087356123,1.090369087356123,1033
2025-08-30 03:15:00+00:00,1.0895492431477283,1.0903492431477282,1.0887492431477284,1.0896492431477283,1013
2025-08-30 04:15:00+00:00,1.0890886043767685,1.0898886043767684,1.0882886043767686,1.0891886043767685,1006
2025-08-30 05:15:00+00:00,1.0901457266029873,1.0909457266029872,1.0893457266029873,1.0902457266029872,1098
2025-08-30 06:15:00+00:00,1.090489344892556,1.0912893448925558,1.089689344892556,1.0905893448925559,1032
2025-08-30 07:15:00+00:00,1.0887263047371931,1.089526304737193,1.0879263047371932,1.088826304737193,1080
2025-08-30 08:15:00+00:00,1.0890503887065879,1.0898503887065878,1.088250388706588,1.0891503887065879,1025
2025-08-30 09:15:00+00:00,1.0886653064261715,1.0894653064261715,1.0878653064261716,1.0887653064261715,1068
2025-08-30 10:15:00+00:00,1.0879883844258655,1.0887883844258655,1.0871883844258656,1.0880883844258655,1076
2025-08-30 11:15:00+00:00,1.0886000607147064,1.0894000607147063,1.0878000607147065,1.0887000607147064,1059
2025-08-30 12:15:00+00:00,1.0896310602372024,1.0904310602372023,1.0888310602372024,1.0897310602372023,1047
2025-08-30 13:15:00+00:00,1.0905623403563187,1.0913623403563186,1.0897623403563188,1.0906623403563187,1041
2025-08-30 14:15:00+00:00,1.089723122833096,1.0905231228330958,1.088923122833096,1.089823122833096,1034
2025-08-30 15:15:00+00:00,1.0894139104572447,1.0902139104572446,1.0886139104572448,1.0895139104572447,1092
2025-08-30 16:15:00+00:00,1.0897451738886483,1.0905451738886482,1.0889451738886484,1.0898451738886483,1083
2025-08-30 17:15:00+00:00,1.0907207190157706,1.0915207190157705,1.0899207190157707,1.0908207190157706,1096
2025-08-30 18:15:00+00:00,1.0902415447779255,1.0910415447779254,1.0894415447779255,1.0903415447779254,1012
2025-08-30 19:15:00+00:00,1.0900558858012617,1.0908558858012616,1.0892558858012618,1.0901558858012617,1073
2025-08-30 20:15:00+00:00,1.0889495508272555,1.0897495508272554,1.0881495508272556,1.0890495508272555,1093
2025-08-30 21:15:00+00:00,1.0877533442031748,1.0885533442031747,1.086953344203175,1.0878533442031748,1018
2025-08-30 22:15:00+00:00,1.0885658700255691,1.089365870025569,1.0877658700255692,1.0886658700255691,1006
2025-08-30 23:15:00+00:00,1.0899221100541399,1.0907221100541398,1.08912211005414,1.0900221100541398,1074
2025-08-31 00:15:00+00:00,1.0898500999325595,1.0906500999325595,1.0890500999325596,1.0899500999325595,1057
2025-08-31 01:15:00+00:00,1.0908536328304517,1.0916536328304516,1.0900536328304518,1.0909536328304517,1084
2025-08-31 02:15:00+00:00,1.0912152688554992,1.0920152688554992,1.0904152688554993,1.0913152688554992,1013
2025-08-31 03:15:00+00:00,1.0905701491008941,1.091370149100894,1.0897701491008942,1.090670149100894,1079
2025-08-31 04:15:00+00:00,1.0909315447064025,1.0917315447064024,1.0901315447064026,1.0910315447064025,1020
2025-08-31 05:15:00+00:00,1.0924695812728684,1.0932695812728683,1.0916695812728685,1.0925695812728684,1016
2025-08-31 06:15:00+00:00,1.0924337552337586,1.0932337552337585,1.0916337552337587,1.0925337552337586,1016
2025-08-31 07:15:00+00:00,1.0939983988895725,1.0947983988895724,1.0931983988895726,1.0940983988895725,1081
2025-08-31 08:15:00+00:00,1.0913786537854828,1.0921786537854827,1.090578653785483,1.0914786537854828,1066
2025-08-31 09:15:00+00:00,1.092200556289858,1.093000556289858,1.091400556289858,1.092300556289858,1052
2025-08-31 10:15:00+00:00,1.0922876033580962,1.093087603358096,1.0914876033580962,1.0923876033580961,1035
2025-08-31 11:15:00+00:00,1.0919885960076303,1.0927885960076302,1.0911885960076304,1.0920885960076303,1087
2025-08-31 12:15:00+00:00,1.092080356784166,1.0928803567841658,1.091280356784166,1.092180356784166,1039
2025-08-31 13:15:00+00:00,1.090092787869565,1.090892787869565,1.089292787869565,1.090192787869565,1081
2025-08-31 14:15:00+00:00,1.0898731159817274,1.0906731159817273,1.0890731159817275,1.0899731159817274,1043
2025-08-31 15:15:00+00:00,1.0902302285532393,1.0910302285532392,1.0894302285532393,1.0903302285532392,1037
2025-08-31 16:15:00+00:00,1.0917081225979808,1.0925081225979807,1.0909081225979809,1.0918081225979808,1046
2025-08-31 17:15:00+00:00,1.091189852379707,1.091989852379707,1.090389852379707,1.091289852379707,1030
2025-08-31 18:15:00+00:00,1.0903813587768139,1.0911813587768138,1.089581358776814,1.0904813587768138,1074
2025-08-31 19:15:00+00:00,1.0898796017332293,1.0906796017332292,1.0890796017332294,1.0899796017332293,1050
2025-08-31 20:15:00+00:00,1.0907950038509313,1.0915950038509312,1.0899950038509314,1.0908950038509313,1023
2025-08-31 21:15:00+00:00,1.091123754960591,1.091923754960591,1.090323754960591,1.091223754960591,1089
2025-08-31 22:15:00+00:00,1.090593994756824,1.0913939947568239,1.089793994756824,1.090693994756824,1038
2025-08-31 23:15:00+00:00,1.0911072621899374,1.0919072621899373,1.0903072621899375,1.0912072621899374,1054
2025-09-01 00:15:00+00:00,1.0912043397392854,1.0920043397392853,1.0904043397392855,1.0913043397392854,1090
2025-09-01 01:15:00+00:00,1.0921729847298183,1.0929729847298182,1.0913729847298184,1.0922729847298183,1062
2025-09-01 02:15:00+00:00,1.091470931635941,1.092270931635941,1.090670931635941,1.091570931635941,1011
2025-09-01 03:15:00+00:00,1.0911432694893433,1.0919432694893432,1.0903432694893433,1.0912432694893432,1093
2025-09-01 04:15:00+00:00,1.090751161336211,1.091551161336211,1.0899511613362112,1.090851161336211,1062
2025-09-01 05:15:00+00:00,1.089287646388079,1.0900876463880789,1.088487646388079,1.089387646388079,1033
2025-09-01 06:15:00+00:00,1.0895837666651436,1.0903837666651435,1.0887837666651436,1.0896837666651435,1013
2025-09-01 07:15:00+00:00,1.0898448219373233,1.0906448219373233,1.0890448219373234,1.0899448219373233,1079
2025-09-01 08:15:00+00:00,1.089849935393966,1.0906499353939658,1.089049935393966,1.089949935393966,1062
2025-09-01 09:15:00+00:00,1.0896153482605908,1.0904153482605907,1.088815348260591,1.0897153482605908,1053
2025-09-01 10:15:00+00:00,1.0881999775185403,1.0889999775185402,1.0873999775185403,1.0882999775185402,1089
2025-09-01 11:15:00+00:00,1.087779332195775,1.0885793321957749,1.086979332195775,1.087879332195775,1078
2025-09-01 12:15:00+00:00,1.0874366176792483,1.0882366176792482,1.0866366176792484,1.0875366176792483,1015
2025-09-01 13:15:00+00:00,1.0866343404100265,1.0874343404100264,1.0858343404100266,1.0867343404100265,1031
2025-09-01 14:15:00+00:00,1.0864730546983605,1.0872730546983604,1.0856730546983606,1.0865730546983605,1024
2025-09-01 15:15:00+00:00,1.0868771055551751,1.087677105555175,1.0860771055551752,1.0869771055551751,1074
2025-09-01 16:15:00+00:00,1.0887632914563856,1.0895632914563855,1.0879632914563857,1.0888632914563856,1003
2025-09-01 17:15:00+00:00,1.0889378692692175,1.0897378692692175,1.0881378692692176,1.0890378692692175,1056
2025-09-01 18:15:00+00:00,1.0891954196599403,1.0899954196599402,1.0883954196599404,1.0892954196599403,1076
2025-09-01 19:15:00+00:00,1.089120973744174,1.089920973744174,1.0883209737441741,1.089220973744174,1087
2025-09-01 20:15:00+00:00,1.087202202528875,1.088002202528875,1.086402202528875,1.087302202528875,1034
2025-09-01 21:15:00+00:00,1.0871756886534258,1.0879756886534258,1.086375688653426,1.0872756886534258,1082
2025-09-01 22:15:00+00:00,1.087235918863367,1.0880359188633668,1.086435918863367,1.087335918863367,1011
2025-09-01 23:15:00+00:00,1.0896991609758522,1.090499160975852,1.0888991609758523,1.0897991609758522,1084
2025-09-02 00:15:00+00:00,1.089506800011071,1.090306800011071,1.0887068000110711,1.089606800011071,1012
2025-09-02 01:15:00+00:00,1.0898083473534046,1.0906083473534045,1.0890083473534047,1.0899083473534046,1039
2025-09-02 02:15:00+00:00,1.0897736355836993,1.0905736355836992,1.0889736355836994,1.0898736355836993,1079
2025-09-02 03:15:00+00:00,1.0886049575460799,1.0894049575460798,1.08780495754608,1.0887049575460799,1014
2025-09-02 04:15:00+00:00,1.0897477803605948,1.0905477803605947,1.088947780360595,1.0898477803605948,1022
2025-09-02 05:15:00+00:00,1.0904997133932817,1.0912997133932816,1.0896997133932818,1.0905997133932817,1072
2025-09-02 06:15:00+00:00,1.0912907453403247,1.0920907453403246,1.0904907453403248,1.0913907453403247,1072
2025-09-02 07:15:00+00:00,1.09038135788553,1.0911813578855298,1.08958135788553,1.09048135788553,1064
2025-09-02 08:15:00+00:00,1.091784152196466,1.0925841521964659,1.090984152196466,1.091884152196466,1069
2025-09-02 09:15:00+00:00,1.0903823011336737,1.0911823011336736,1.0895823011336738,1.0904823011336737,1054
2025-09-02 10:15:00+00:00,1.090969158227474,1.091769158227474,1.0901691582274742,1.091069158227474,1025
2025-09-02 11:15:00+00:00,1.093159613853284,1.0939596138532839,1.092359613853284,1.093259613853284,1034
2025-09-02 12:15:00+00:00,1.0921690775281532,1.092969077528153,1.0913690775281533,1.0922690775281532,1018
2025-09-02 13:15:00+00:00,1.0916027797985506,1.0924027797985505,1.0908027797985507,1.0917027797985506,1090
2025-09-02 14:15:00+00:00,1.091702431163638,1.092502431163638,1.0909024311636382,1.091802431163638,1058
2025-09-02 15:15:00+00:00,1.091198955509522,1.091998955509522,1.0903989555095221,1.091298955509522,1040
2025-09-02 16:15:00+00:00,1.0896482920784558,1.0904482920784557,1.088848292078456,1.0897482920784558,1046
2025-09-02 17:15:00+00:00,1.0897168550532619,1.0905168550532618,1.088916855053262,1.0898168550532619,1094
2025-09-02 18:15:00+00:00,1.0886545513395358,1.0894545513395357,1.087854551339536,1.0887545513395358,1015
2025-09-02 19:15:00+00:00,1.089128143770171,1.0899281437701709,1.088328143770171,1.089228143770171,1058
2025-09-02 20:15:00+00:00,1.0882087195359371,1.089008719535937,1.0874087195359372,1.088308719535937,1050
2025-09-02 21:15:00+00:00,1.0897586539409547,1.0905586539409546,1.0889586539409548,1.0898586539409547,1061
2025-09-02 22:15:00+00:00,1.0889754006486185,1.0897754006486184,1.0881754006486186,1.0890754006486185,1001
2025-09-02 23:15:00+00:00,1.0886533391324127,1.0894533391324126,1.0878533391324128,1.0887533391324127,1087
2025-09-03 00:15:00+00:00,1.0894668563497825,1.0902668563497824,1.0886668563497826,1.0895668563497825,1093
2025-09-03 01:15:00+00:00,1.0882359920333484,1.0890359920333483,1.0874359920333485,1.0883359920333484,1056
2025-09-03 02:15:00+00:00,1.0884634519679526,1.0892634519679525,1.0876634519679527,1.0885634519679526,1069
2025-09-03 03:15:00+00:00,1.089770594722235,1.0905705947222348,1.088970594722235,1.089870594722235,1092
2025-09-03 04:15:00+00:00,1.0881631114876738,1.0889631114876737,1.0873631114876738,1.0882631114876737,1070
2025-09-03 05:15:00+00:00,1.088347745346206,1.089147745346206,1.0875477453462061,1.088447745346206,1015
2025-09-03 06:15:00+00:00,1.0886076281404544,1.0894076281404543,1.0878076281404545,1.0887076281404544,1057
2025-09-03 07:15:00+00:00,1.0893894510122317,1.0901894510122316,1.0885894510122318,1.0894894510122317,1060
2025-09-03 08:15:00+00:00,1.0881525003013537,1.0889525003013536,1.0873525003013538,1.0882525003013537,1042
2025-09-03 09:15:00+00:00,1.0868320436882695,1.0876320436882694,1.0860320436882696,1.0869320436882695,1073
2025-09-03 10:15:00+00:00,1.0873539852538863,1.0881539852538862,1.0865539852538864,1.0874539852538863,1093
2025-09-03 11:15:00+00:00,1.0876509699271195,1.0884509699271194,1.0868509699271196,1.0877509699271195,1092
2025-09-03 12:15:00+00:00,1.0879014627774655,1.0887014627774654,1.0871014627774656,1.0880014627774655,1045
2025-09-03 13:15:00+00:00,1.0882479109869625,1.0890479109869624,1.0874479109869626,1.0883479109869625,1011
2025-09-03 14:15:00+00:00,1.087567886265384,1.0883678862653838,1.086767886265384,1.087667886265384,1098
2025-09-03 15:15:00+00:00,1.087800139962545,1.088600139962545,1.087000139962545,1.087900139962545,1083
2025-09-03 16:15:00+00:00,1.0880932124358436,1.0888932124358435,1.0872932124358436,1.0881932124358435,1012
2025-09-03 17:15:00+00:00,1.0873788610178172,1.0881788610178171,1.0865788610178173,1.0874788610178172,1092
2025-09-03 18:15:00+00:00,1.089244635528962,1.090044635528962,1.088444635528962,1.089344635528962,1086
2025-09-03 19:15:00+00:00,1.0897184684498737,1.0905184684498737,1.0889184684498738,1.0898184684498737,1051
2025-09-03 20:15:00+00:00,1.088527164952671,1.089327164952671,1.0877271649526712,1.088627164952671,1059
2025-09-03 21:15:00+00:00,1.089183718561305,1.0899837185613048,1.088383718561305,1.089283718561305,1039
2025-09-03 22:15:00+00:00,1.0882090368910777,1.0890090368910776,1.0874090368910778,1.0883090368910777,1005
2025-09-03 23:15:00+00:00,1.08899612149482,1.08979612149482,1.0881961214948201,1.08909612149482,1033
2025-09-04 00:15:00+00:00,1.0901547170738275,1.0909547170738274,1.0893547170738276,1.0902547170738275,1080
2025-09-04 01:15:00+00:00,1.0893340347554759,1.0901340347554758,1.088534034755476,1.0894340347554758,1000
2025-09-04 02:15:00+00:00,1.09029741088472,1.09109741088472,1.0894974108847202,1.09039741088472,1033
2025-09-04 03:15:00+00:00,1.0907101918116566,1.0915101918116565,1.0899101918116567,1.0908101918116566,1039
2025-09-04 04:15:00+00:00,1.091532251971651,1.092332251971651,1.0907322519716511,1.091632251971651,1053
2025-09-04 05:15:00+00:00,1.093429044954305,1.0942290449543048,1.092629044954305,1.093529044954305,1091
2025-09-04 06:15:00+00:00,1.0931836568383022,1.0939836568383021,1.0923836568383023,1.0932836568383022,1034
2025-09-04 07:15:00+00:00,1.0924299206739447,1.0932299206739446,1.0916299206739448,1.0925299206739447,1034
2025-09-04 08:15:00+00:00,1.0915404062443193,1.0923404062443192,1.0907404062443193,1.0916404062443192,1073
2025-09-04 09:15:00+00:00,1.0907245959593537,1.0915245959593536,1.0899245959593538,1.0908245959593537,1045
2025-09-04 10:15:00+00:00,1.0906474942499396,1.0914474942499395,1.0898474942499397,1.0907474942499396,1022
2025-09-04 11:15:00+00:00,1.0909886462247562,1.0917886462247561,1.0901886462247563,1.0910886462247562,1045
2025-09-04 12:15:00+00:00,1.0912653370240863,1.0920653370240863,1.0904653370240864,1.0913653370240863,1014
2025-09-04 13:15:00+00:00,1.0920925202731222,1.0928925202731221,1.0912925202731223,1.0921925202731222,1017
2025-09-04 14:15:00+00:00,1.0921055221650002,1.0929055221650001,1.0913055221650003,1.0922055221650002,1049
2025-09-04 15:15:00+00:00,1.0935590562421575,1.0943590562421575,1.0927590562421576,1.0936590562421575,1041
2025-09-04 16:15:00+00:00,1.0932943994089195,1.0940943994089194,1.0924943994089196,1.0933943994089195,1091
2025-09-04 17:15:00+00:00,1.0960145685755092,1.096814568575509,1.0952145685755093,1.0961145685755092,1036
2025-09-04 18:15:00+00:00,1.096640235923274,1.097440235923274,1.0958402359232742,1.096740235923274,1058
2025-09-04 19:15:00+00:00,1.0957830783668578,1.0965830783668578,1.094983078366858,1.0958830783668578,1063
2025-09-04 20:15:00+00:00,1.0947121858687967,1.0955121858687966,1.0939121858687968,1.0948121858687967,1001
2025-09-04 21:15:00+00:00,1.09519465828404,1.0959946582840399,1.09439465828404,1.09529465828404,1066
2025-09-04 22:15:00+00:00,1.094971195498714,1.095771195498714,1.094171195498714,1.095071195498714,1017
2025-09-04 23:15:00+00:00,1.0956851959928062,1.0964851959928061,1.0948851959928063,1.0957851959928062,1096
2025-09-05 00:15:00+00:00,1.0961584336173797,1.0969584336173797,1.0953584336173798,1.0962584336173797,1014
2025-09-05 01:15:00+00:00,1.096085604704723,1.0968856047047228,1.095285604704723,1.096185604704723,1041
2025-09-05 02:15:00+00:00,1.0952388109866544,1.0960388109866543,1.0944388109866545,1.0953388109866544,1008
2025-09-05 03:15:00+00:00,1.0937239637619687,1.0945239637619686,1.0929239637619688,1.0938239637619687,1099
2025-09-05 04:15:00+00:00,1.0932774488099015,1.0940774488099014,1.0924774488099016,1.0933774488099015,1050
2025-09-05 05:15:00+00:00,1.094133847604225,1.094933847604225,1.0933338476042251,1.094233847604225,1059
2025-09-05 06:15:00+00:00,1.0943479413483552,1.0951479413483551,1.0935479413483553,1.0944479413483552,1006
2025-09-05 07:15:00+00:00,1.0931022025696433,1.0939022025696432,1.0923022025696434,1.0932022025696433,1074
2025-09-05 08:15:00+00:00,1.0932753834954945,1.0940753834954944,1.0924753834954946,1.0933753834954945,1020
2025-09-05 09:15:00+00:00,1.0936607008752233,1.0944607008752232,1.0928607008752234,1.0937607008752233,1089
2025-09-05 10:15:00+00:00,1.0927768434390221,1.093576843439022,1.0919768434390222,1.0928768434390221,1020
2025-09-05 11:15:00+00:00,1.0929305685449677,1.0937305685449676,1.0921305685449678,1.0930305685449677,1019
2025-09-05 12:15:00+00:00,1.0929887772634137,1.0937887772634136,1.0921887772634138,1.0930887772634137,1003
2025-09-05 13:15:00+00:00,1.091845806965583,1.0926458069655829,1.091045806965583,1.091945806965583,1047
2025-09-05 14:15:00+00:00,1.0922035943259314,1.0930035943259313,1.0914035943259315,1.0923035943259314,1056
2025-09-05 15:15:00+00:00,1.0927643788522996,1.0935643788522995,1.0919643788522997,1.0928643788522996,1006
2025-09-05 16:15:00+00:00,1.0938474300954748,1.0946474300954747,1.093047430095475,1.0939474300954748,1077
2025-09-05 17:15:00+00:00,1.0949012321475098,1.0957012321475097,1.0941012321475099,1.0950012321475098,1045
2025-09-05 18:15:00+00:00,1.0935235627795528,1.0943235627795527,1.0927235627795528,1.0936235627795527,1052
2025-09-05 19:15:00+00:00,1.0925857377396375,1.0933857377396374,1.0917857377396376,1.0926857377396375,1044
2025-09-05 20:15:00+00:00,1.0931007730068463,1.0939007730068462,1.0923007730068464,1.0932007730068463,1040
2025-09-05 21:15:00+00:00,1.0936145589577584,1.0944145589577583,1.0928145589577585,1.0937145589577584,1055
2025-09-05 22:15:00+00:00,1.0941296066440644,1.0949296066440644,1.0933296066440645,1.0942296066440644,1015
2025-09-05 23:15:00+00:00,1.0979823381347191,1.098782338134719,1.0971823381347192,1.0980823381347191,1018
2025-09-06 00:15:00+00:00,1.0985532286454123,1.0993532286454122,1.0977532286454124,1.0986532286454123,1086
2025-09-06 01:15:00+00:00,1.099688794285593,1.100488794285593,1.0988887942855932,1.099788794285593,1094
2025-09-06 02:15:00+00:00,1.100642796049086,1.101442796049086,1.0998427960490862,1.100742796049086,1037
2025-09-06 03:15:00+00:00,1.1012941873003919,1.1020941873003918,1.100494187300392,1.1013941873003918,1027
2025-09-06 04:15:00+00:00,1.1009789180557517,1.1017789180557516,1.1001789180557517,1.1010789180557516,1064
2025-09-06 05:15:00+00:00,1.1017378872762449,1.1025378872762448,1.100937887276245,1.1018378872762449,1040
2025-09-06 06:15:00+00:00,1.1009650620617073,1.1017650620617072,1.1001650620617074,1.1010650620617073,1002
2025-09-06 07:15:00+00:00,1.1007282434549672,1.1015282434549671,1.0999282434549673,1.1008282434549672,1015
2025-09-06 08:15:00+00:00,1.1002428799071382,1.1010428799071381,1.0994428799071383,1.1003428799071382,1071
2025-09-06 09:15:00+00:00,1.1003247540465246,1.1011247540465245,1.0995247540465247,1.1004247540465246,1065
2025-09-06 10:15:00+00:00,1.102639412613198,1.103439412613198,1.101839412613198,1.102739412613198,1002
2025-09-06 11:15:00+00:00,1.1007721474206063,1.1015721474206062,1.0999721474206063,1.1008721474206062,1022
2025-09-06 12:15:00+00:00,1.1014584076109808,1.1022584076109807,1.1006584076109809,1.1015584076109808,1023
2025-09-06 13:15:00+00:00,1.0998456917397912,1.100645691739791,1.0990456917397913,1.0999456917397912,1067
2025-09-06 14:15:00+00:00,1.0993737598740017,1.1001737598740016,1.0985737598740017,1.0994737598740016,1001
2025-09-06 15:15:00+00:00,1.100462710470969,1.101262710470969,1.099662710470969,1.100562710470969,1010
2025-09-06 16:15:00+00:00,1.1005269904900645,1.1013269904900644,1.0997269904900646,1.1006269904900645,1079
2025-09-06 17:15:00+00:00,1.0994492457121352,1.1002492457121351,1.0986492457121353,1.0995492457121352,1017
2025-09-06 18:15:00+00:00,1.0987339420028752,1.0995339420028751,1.0979339420028753,1.0988339420028752,1065
2025-09-06 19:15:00+00:00,1.0994135397518099,1.1002135397518098,1.09861353975181,1.0995135397518099,1023
2025-09-06 20:15:00+00:00,1.0986831731200928,1.0994831731200927,1.0978831731200929,1.0987831731200928,1009
2025-09-06 21:15:00+00:00,1.0988996317096749,1.0996996317096748,1.098099631709675,1.0989996317096749,1024
2025-09-06 22:15:00+00:00,1.0989452035495786,1.0997452035495785,1.0981452035495787,1.0990452035495786,1072
2025-09-06 23:15:00+00:00,1.0982936032019728,1.0990936032019727,1.0974936032019729,1.0983936032019728,1085
2025-09-07 00:15:00+00:00,1.1004375472912982,1.101237547291298,1.0996375472912983,1.1005375472912982,1083
2025-09-07 01:15:00+00:00,1.101071466313616,1.101871466313616,1.1002714663136162,1.101171466313616,1039
2025-09-07 02:15:00+00:00,1.0990463237269585,1.0998463237269585,1.0982463237269586,1.0991463237269585,1066
2025-09-07 03:15:00+00:00,1.099232778041728,1.1000327780417278,1.098432778041728,1.099332778041728,1020
2025-09-07 04:15:00+00:00,1.0985709915769595,1.0993709915769594,1.0977709915769596,1.0986709915769595,1029
2025-09-07 05:15:00+00:00,1.0994234249117558,1.1002234249117557,1.098623424911756,1.0995234249117558,1089
2025-09-07 06:15:00+00:00,1.098630904173323,1.099430904173323,1.0978309041733232,1.098730904173323,1001
2025-09-07 07:15:00+00:00,1.0985161677318562,1.0993161677318561,1.0977161677318563,1.0986161677318562,1008
2025-09-07 08:15:00+00:00,1.0990211550108366,1.0998211550108365,1.0982211550108367,1.0991211550108366,1020
2025-09-07 09:15:00+00:00,1.0998869102050068,1.1006869102050068,1.099086910205007,1.0999869102050068,1002
2025-09-07 10:15:00+00:00,1.098686613797951,1.0994866137979509,1.097886613797951,1.098786613797951,1018
2025-09-07 11:15:00+00:00,1.09835211256211,1.09915211256211,1.0975521125621102,1.09845211256211,1058
2025-09-07 12:15:00+00:00,1.097877167250949,1.098677167250949,1.0970771672509492,1.097977167250949,1042
2025-09-07 13:15:00+00:00,1.0972238380183754,1.0980238380183753,1.0964238380183755,1.0973238380183754,1089
2025-09-07 14:15:00+00:00,1.0989892922586564,1.0997892922586563,1.0981892922586565,1.0990892922586564,1081
2025-09-07 15:15:00+00:00,1.0993942739696174,1.1001942739696173,1.0985942739696175,1.0994942739696174,1034
2025-09-07 16:15:00+00:00,1.0981333900152823,1.0989333900152822,1.0973333900152824,1.0982333900152823,1025
2025-09-07 17:15:00+00:00,1.0990512519623372,1.0998512519623371,1.0982512519623373,1.0991512519623372,1037
2025-09-07 18:15:00+00:00,1.1011734081593498,1.1019734081593497,1.10037340815935,1.1012734081593498,1059
2025-09-07 19:15:00+00:00,1.102205873419901,1.1030058734199009,1.101405873419901,1.102305873419901,1026
2025-09-07 20:15:00+00:00,1.1006865034539468,1.1014865034539467,1.099886503453947,1.1007865034539468,1062
2025-09-07 21:15:00+00:00,1.1002022693810807,1.1010022693810806,1.0994022693810808,1.1003022693810807,1040
2025-09-07 22:15:00+00:00,1.1014691805302672,1.1022691805302671,1.1006691805302673,1.1015691805302672,1055
2025-09-07 23:15:00+00:00,1.1007615110646485,1.1015615110646484,1.0999615110646486,1.1008615110646485,1043
2025-09-08 00:15:00+00:00,1.1012053304927947,1.1020053304927946,1.1004053304927948,1.1013053304927947,1029
2025-09-08 01:15:00+00:00,1.101979964546224,1.102779964546224,1.1011799645462241,1.102079964546224,1094
2025-09-08 02:15:00+00:00,1.101053034074646,1.101853034074646,1.1002530340746461,1.101153034074646,1076
2025-09-08 03:15:00+00:00,1.1009935087185843,1.1017935087185842,1.1001935087185843,1.1010935087185842,1014
2025-09-08 04:15:00+00:00,1.097752241378515,1.098552241378515,1.096952241378515,1.097852241378515,1086
2025-09-08 05:15:00+00:00,1.0967278537371807,1.0975278537371806,1.0959278537371808,1.0968278537371807,1048
2025-09-08 06:15:00+00:00,1.0964752855857878,1.0972752855857877,1.0956752855857879,1.0965752855857878,1089
2025-09-08 07:15:00+00:00,1.0952275024038227,1.0960275024038226,1.0944275024038228,1.0953275024038227,1079
2025-09-08 08:15:00+00:00,1.0968599137077544,1.0976599137077543,1.0960599137077545,1.0969599137077544,1042
2025-09-08 09:15:00+00:00,1.0954297723297939,1.0962297723297938,1.094629772329794,1.0955297723297939,1002
2025-09-08 10:15:00+00:00,1.094989727843097,1.0957897278430968,1.094189727843097,1.0950897278430969,1026
2025-09-08 11:15:00+00:00,1.095120468420383,1.095920468420383,1.094320468420383,1.095220468420383,1054
2025-09-08 12:15:00+00:00,1.096561741709449,1.097361741709449,1.0957617417094492,1.096661741709449,1063
2025-09-08 13:15:00+00:00,1.0951258795582697,1.0959258795582696,1.0943258795582698,1.0952258795582697,1025
2025-09-08 14:15:00+00:00,1.0962890433104246,1.0970890433104246,1.0954890433104247,1.0963890433104246,1013
2025-09-08 15:15:00+00:00,1.096299276371444,1.097099276371444,1.0954992763714442,1.096399276371444,1083
2025-09-08 16:15:00+00:00,1.0953177677203962,1.0961177677203962,1.0945177677203963,1.0954177677203962,1098
2025-09-08 17:15:00+00:00,1.0957798711946594,1.0965798711946593,1.0949798711946594,1.0958798711946593,1052
2025-09-08 18:15:00+00:00,1.095978930890233,1.096778930890233,1.095178930890233,1.096078930890233,1017
2025-09-08 19:15:00+00:00,1.0953787140130742,1.096178714013074,1.0945787140130743,1.0954787140130742,1027
2025-09-08 20:15:00+00:00,1.0954485160980643,1.0962485160980642,1.0946485160980644,1.0955485160980643,1001
2025-09-08 21:15:00+00:00,1.0950632025012024,1.0958632025012023,1.0942632025012025,1.0951632025012024,1091
2025-09-08 22:15:00+00:00,1.0951767198464537,1.0959767198464536,1.0943767198464538,1.0952767198464537,1011
2025-09-08 23:15:00+00:00,1.0958388505209746,1.0966388505209745,1.0950388505209747,1.0959388505209746,1057
2025-09-09 00:15:00+00:00,1.09742486733712,1.09822486733712,1.0966248673371202,1.09752486733712,1027
2025-09-09 01:15:00+00:00,1.0961870518382932,1.0969870518382931,1.0953870518382933,1.0962870518382932,1055
2025-09-09 02:15:00+00:00,1.0983200852129495,1.0991200852129495,1.0975200852129496,1.0984200852129495,1065
2025-09-09 03:15:00+00:00,1.096367997413427,1.097167997413427,1.0955679974134271,1.096467997413427,1082
2025-09-09 04:15:00+00:00,1.0962162123183914,1.0970162123183913,1.0954162123183915,1.0963162123183914,1020
2025-09-09 05:15:00+00:00,1.096804529524876,1.097604529524876,1.0960045295248761,1.096904529524876,1001
2025-09-09 06:15:00+00:00,1.097085521392611,1.0978855213926109,1.096285521392611,1.097185521392611,1013
2025-09-09 07:15:00+00:00,1.0964628218727903,1.0972628218727902,1.0956628218727904,1.0965628218727903,1090
2025-09-09 08:15:00+00:00,1.0962546996224332,1.097054699622433,1.0954546996224332,1.0963546996224331,1087
2025-09-09 09:15:00+00:00,1.0957616986877743,1.0965616986877742,1.0949616986877744,1.0958616986877743,1059
2025-09-09 10:15:00+00:00,1.0951723339308301,1.09597233393083,1.0943723339308302,1.0952723339308301,1060
2025-09-09 11:15:00+00:00,1.0960219360278511,1.096821936027851,1.0952219360278512,1.0961219360278511,1066
2025-09-09 12:15:00+00:00,1.096378951513816,1.097178951513816,1.0955789515138161,1.096478951513816,1017
2025-09-09 13:15:00+00:00,1.0956860419185555,1.0964860419185554,1.0948860419185555,1.0957860419185554,1091
2025-09-09 14:15:00+00:00,1.0965856417939888,1.0973856417939887,1.0957856417939889,1.0966856417939888,1041
2025-09-09 15:15:00+00:00,1.0968929413148654,1.0976929413148653,1.0960929413148655,1.0969929413148654,1038
2025-09-09 16:15:00+00:00,1.0977058034337044,1.0985058034337043,1.0969058034337045,1.0978058034337044,1051
2025-09-09 17:15:00+00:00,1.098335432275628,1.099135432275628,1.097535432275628,1.098435432275628,1004
2025-09-09 18:15:00+00:00,1.0975064372647059,1.0983064372647058,1.096706437264706,1.0976064372647059,1016
2025-09-09 19:15:00+00:00,1.096946256224509,1.0977462562245088,1.096146256224509,1.097046256224509,1073
2025-09-09 20:15:00+00:00,1.097693549829632,1.098493549829632,1.0968935498296322,1.097793549829632,1008
2025-09-09 21:15:00+00:00,1.0983039200950655,1.0991039200950654,1.0975039200950656,1.0984039200950655,1060
2025-09-09 22:15:00+00:00,1.0982830185011014,1.0990830185011013,1.0974830185011015,1.0983830185011014,1024
2025-09-09 23:15:00+00:00,1.0984003458844103,1.0992003458844102,1.0976003458844104,1.0985003458844103,1038
2025-09-10 00:15:00+00:00,1.0996780107801987,1.1004780107801986,1.0988780107801988,1.0997780107801987,1028
2025-09-10 01:15:00+00:00,1.0990864393913629,1.0998864393913628,1.098286439391363,1.0991864393913628,1035
2025-09-10 02:15:00+00:00,1.099633536772533,1.1004335367725329,1.098833536772533,1.099733536772533,1071
2025-09-10 03:15:00+00:00,1.099431344120099,1.1002313441200988,1.098631344120099,1.099531344120099,1029
2025-09-10 04:15:00+00:00,1.0992136629168718,1.1000136629168717,1.098413662916872,1.0993136629168718,1056
2025-09-10 05:15:00+00:00,1.1003124397688588,1.1011124397688588,1.099512439768859,1.1004124397688588,1047
2025-09-10 06:15:00+00:00,1.101137856117847,1.101937856117847,1.1003378561178472,1.101237856117847,1066
2025-09-10 07:15:00+00:00,1.1019513657538476,1.1027513657538475,1.1011513657538476,1.1020513657538475,1093
2025-09-10 08:15:00+00:00,1.103256844561002,1.104056844561002,1.1024568445610021,1.103356844561002,1073
2025-09-10 09:15:00+00:00,1.1032778484026347,1.1040778484026346,1.1024778484026347,1.1033778484026346,1021
2025-09-10 10:15:00+00:00,1.1039598013739296,1.1047598013739295,1.1031598013739297,1.1040598013739296,1003
2025-09-10 11:15:00+00:00,1.1036495346173363,1.1044495346173362,1.1028495346173364,1.1037495346173363,1026
2025-09-10 12:15:00+00:00,1.1039737009698247,1.1047737009698246,1.1031737009698248,1.1040737009698247,1059
2025-09-10 13:15:00+00:00,1.103843557915457,1.104643557915457,1.1030435579154572,1.103943557915457,1005
2025-09-10 14:15:00+00:00,1.1039405538804496,1.1047405538804496,1.1031405538804497,1.1040405538804496,1049
2025-09-10 15:15:00+00:00,1.1045357109058866,1.1053357109058866,1.1037357109058867,1.1046357109058866,1059
2025-09-10 16:15:00+00:00,1.1037174902226532,1.104517490222653,1.1029174902226533,1.1038174902226532,1033
2025-09-10 17:15:00+00:00,1.1058098774983387,1.1066098774983386,1.1050098774983388,1.1059098774983387,1077
2025-09-10 18:15:00+00:00,1.1048038601168388,1.1056038601168388,1.104003860116839,1.1049038601168388,1010
2025-09-10 19:15:00+00:00,1.1035896715040512,1.104389671504051,1.1027896715040513,1.1036896715040512,1007
2025-09-10 20:15:00+00:00,1.1047477823775513,1.1055477823775512,1.1039477823775514,1.1048477823775513,1072
2025-09-10 21:15:00+00:00,1.1055394450715141,1.106339445071514,1.1047394450715142,1.1056394450715141,1049
2025-09-10 22:15:00+00:00,1.1061635648885664,1.1069635648885663,1.1053635648885665,1.1062635648885664,1068
2025-09-10 23:15:00+00:00,1.1067919103978305,1.1075919103978304,1.1059919103978306,1.1068919103978305,1043
2025-09-11 00:15:00+00:00,1.1067796636249836,1.1075796636249835,1.1059796636249837,1.1068796636249836,1024
2025-09-11 01:15:00+00:00,1.1058824092534978,1.1066824092534977,1.1050824092534979,1.1059824092534978,1081
2025-09-11 02:15:00+00:00,1.1059582138116917,1.1067582138116916,1.1051582138116918,1.1060582138116917,1079
2025-09-11 03:15:00+00:00,1.1052810521001795,1.1060810521001794,1.1044810521001796,1.1053810521001795,1069
2025-09-11 04:15:00+00:00,1.1062561718335973,1.1070561718335972,1.1054561718335973,1.1063561718335972,1027
2025-09-11 05:15:00+00:00,1.1061091144520951,1.106909114452095,1.1053091144520952,1.1062091144520951,1059
2025-09-11 06:15:00+00:00,1.1052836172553027,1.1060836172553026,1.1044836172553028,1.1053836172553027,1036
2025-09-11 07:15:00+00:00,1.1049622314136496,1.1057622314136495,1.1041622314136497,1.1050622314136496,1009
2025-09-11 08:15:00+00:00,1.1053751628679251,1.106175162867925,1.1045751628679252,1.1054751628679251,1091
2025-09-11 09:15:00+00:00,1.1048114383151213,1.1056114383151212,1.1040114383151214,1.1049114383151213,1013
2025-09-11 10:15:00+00:00,1.1039892179195547,1.1047892179195546,1.1031892179195548,1.1040892179195547,1095
2025-09-11 11:15:00+00:00,1.1042329051310467,1.1050329051310466,1.1034329051310467,1.1043329051310466,1044
2025-09-11 12:15:00+00:00,1.1044778717021555,1.1052778717021554,1.1036778717021556,1.1045778717021555,1018
2025-09-11 13:15:00+00:00,1.1039709285267842,1.1047709285267842,1.1031709285267843,1.1040709285267842,1054
2025-09-11 14:15:00+00:00,1.103499890221166,1.1042998902211658,1.102699890221166,1.103599890221166,1087
2025-09-11 15:15:00+00:00,1.1037319401585237,1.1045319401585236,1.1029319401585238,1.1038319401585237,1073
2025-09-11 16:15:00+00:00,1.1022838558170263,1.1030838558170262,1.1014838558170263,1.1023838558170262,1080
2025-09-11 17:15:00+00:00,1.1008763920426496,1.1016763920426496,1.1000763920426497,1.1009763920426496,1065
2025-09-11 18:15:00+00:00,1.1001579478213972,1.100957947821397,1.0993579478213973,1.1002579478213972,1069
2025-09-11 19:15:00+00:00,1.0999445006696855,1.1007445006696854,1.0991445006696856,1.1000445006696855,1084
2025-09-11 20:15:00+00:00,1.1002554082352836,1.1010554082352835,1.0994554082352836,1.1003554082352835,1024
2025-09-11 21:15:00+00:00,1.101730764452233,1.1025307644522329,1.100930764452233,1.101830764452233,1048
2025-09-11 22:15:00+00:00,1.1025884240754351,1.103388424075435,1.1017884240754352,1.102688424075435,1022
2025-09-11 23:15:00+00:00,1.1024284855454716,1.1032284855454715,1.1016284855454717,1.1025284855454716,1098
2025-09-12 00:15:00+00:00,1.102409469337569,1.103209469337569,1.101609469337569,1.102509469337569,1094
2025-09-12 01:15:00+00:00,1.1014069399729312,1.102206939972931,1.1006069399729312,1.1015069399729311,1003
2025-09-12 02:15:00+00:00,1.1013884268369387,1.1021884268369386,1.1005884268369388,1.1014884268369387,1070
2025-09-12 03:15:00+00:00,1.1010997681980186,1.1018997681980185,1.1002997681980187,1.1011997681980186,1092
2025-09-12 04:15:00+00:00,1.1014224867583566,1.1022224867583565,1.1006224867583567,1.1015224867583566,1018
2025-09-12 05:15:00+00:00,1.1005952558148044,1.1013952558148044,1.0997952558148045,1.1006952558148044,1056
2025-09-12 06:15:00+00:00,1.1011146023290455,1.1019146023290454,1.1003146023290455,1.1012146023290454,1091
2025-09-12 07:15:00+00:00,1.102647341242048,1.103447341242048,1.1018473412420482,1.102747341242048,1003
2025-09-12 08:15:00+00:00,1.1025385810935913,1.1033385810935912,1.1017385810935914,1.1026385810935913,1069
2025-09-12 09:15:00+00:00,1.1029402928156902,1.10374029281569,1.1021402928156903,1.1030402928156902,1029
2025-09-12 10:15:00+00:00,1.1036304368074012,1.1044304368074012,1.1028304368074013,1.1037304368074012,1092
2025-09-12 11:15:00+00:00,1.1032292163355155,1.1040292163355154,1.1024292163355156,1.1033292163355155,1097
2025-09-12 12:15:00+00:00,1.103453308817326,1.1042533088173259,1.102653308817326,1.103553308817326,1094
2025-09-12 13:15:00+00:00,1.1034659012181076,1.1042659012181075,1.1026659012181077,1.1035659012181076,1047
2025-09-12 14:15:00+00:00,1.1035635773166566,1.1043635773166565,1.1027635773166566,1.1036635773166565,1086
2025-09-12 15:15:00+00:00,1.102790567532801,1.1035905675328008,1.101990567532801,1.102890567532801,1084
2025-09-12 16:15:00+00:00,1.10281507770706,1.10361507770706,1.10201507770706,1.10291507770706,1031
2025-09-12 17:15:00+00:00,1.1033130759983054,1.1041130759983053,1.1025130759983055,1.1034130759983054,1082
2025-09-12 18:15:00+00:00,1.1047642196061005,1.1055642196061004,1.1039642196061006,1.1048642196061005,1003
2025-09-12 19:15:00+00:00,1.1057234904321858,1.1065234904321857,1.1049234904321859,1.1058234904321858,1059
2025-09-12 20:15:00+00:00,1.1078766728896972,1.108676672889697,1.1070766728896972,1.1079766728896971,1023
2025-09-12 21:15:00+00:00,1.1071093253268092,1.107909325326809,1.1063093253268093,1.1072093253268092,1012
2025-09-12 22:15:00+00:00,1.1079816459635299,1.1087816459635298,1.10718164596353,1.1080816459635299,1007
2025-09-12 23:15:00+00:00,1.108164987969268,1.108964987969268,1.1073649879692682,1.108264987969268,1069
2025-09-13 00:15:00+00:00,1.1103547909024858,1.1111547909024857,1.1095547909024859,1.1104547909024858,1033
2025-09-13 01:15:00+00:00,1.1095464926171308,1.1103464926171307,1.1087464926171309,1.1096464926171308,1072
2025-09-13 02:15:00+00:00,1.10870677077495,1.10950677077495,1.1079067707749501,1.10880677077495,1006
2025-09-13 03:15:00+00:00,1.1081073781295059,1.1089073781295058,1.107307378129506,1.1082073781295059,1031
2025-09-13 04:15:00+00:00,1.1059834824051962,1.106783482405196,1.1051834824051963,1.1060834824051962,1053
2025-09-13 05:15:00+00:00,1.1054577273835153,1.1062577273835152,1.1046577273835154,1.1055577273835153,1079
2025-09-13 06:15:00+00:00,1.1046985947219616,1.1054985947219615,1.1038985947219617,1.1047985947219616,1031
2025-09-13 07:15:00+00:00,1.1048489885084378,1.1056489885084377,1.104048988508438,1.1049489885084378,1062
2025-09-13 08:15:00+00:00,1.105190744484215,1.105990744484215,1.1043907444842151,1.105290744484215,1088
2025-09-13 09:15:00+00:00,1.107066915323431,1.1078669153234308,1.106266915323431,1.107166915323431,1061
2025-09-13 10:15:00+00:00,1.108017339161617,1.108817339161617,1.1072173391616171,1.108117339161617,1023
2025-09-13 11:15:00+00:00,1.1074404355059546,1.1082404355059545,1.1066404355059547,1.1075404355059546,1002
2025-09-13 12:15:00+00:00,1.1065420208346062,1.107342020834606,1.1057420208346063,1.1066420208346062,1087
2025-09-13 13:15:00+00:00,1.1070339400061127,1.1078339400061126,1.1062339400061127,1.1071339400061126,1002
2025-09-13 14:15:00+00:00,1.105713706799092,1.106513706799092,1.1049137067990922,1.105813706799092,1087
2025-09-13 15:15:00+00:00,1.1075451655649464,1.1083451655649463,1.1067451655649465,1.1076451655649464,1052
2025-09-13 16:15:00+00:00,1.1087246056856677,1.1095246056856676,1.1079246056856678,1.1088246056856677,1093
2025-09-13 17:15:00+00:00,1.108255430033563,1.1090554300335629,1.107455430033563,1.108355430033563,1079
2025-09-13 18:15:00+00:00,1.1065422955044721,1.107342295504472,1.1057422955044722,1.1066422955044721,1099
2025-09-13 19:15:00+00:00,1.1078961678786374,1.1086961678786373,1.1070961678786375,1.1079961678786374,1035
2025-09-13 20:15:00+00:00,1.107781628033385,1.108581628033385,1.106981628033385,1.107881628033385,1076
2025-09-13 21:15:00+00:00,1.1090194443453585,1.1098194443453584,1.1082194443453586,1.1091194443453585,1040
2025-09-13 22:15:00+00:00,1.107425016686564,1.108225016686564,1.106625016686564,1.107525016686564,1047
2025-09-13 23:15:00+00:00,1.1068256416636102,1.10762564166361,1.1060256416636103,1.1069256416636102,1062
2025-09-14 00:15:00+00:00,1.1068308853633284,1.1076308853633283,1.1060308853633285,1.1069308853633284,1087
2025-09-14 01:15:00+00:00,1.1068778659570933,1.1076778659570932,1.1060778659570933,1.1069778659570932,1098
2025-09-14 02:15:00+00:00,1.1064278004856138,1.1072278004856138,1.105627800485614,1.1065278004856138,1076
2025-09-14 03:15:00+00:00,1.1070506504179614,1.1078506504179613,1.1062506504179614,1.1071506504179613,1041
2025-09-14 04:15:00+00:00,1.105983029988579,1.1067830299885788,1.105183029988579,1.1060830299885789,1042
2025-09-14 05:15:00+00:00,1.1058406505035576,1.1066406505035575,1.1050406505035577,1.1059406505035576,1073
2025-09-14 06:15:00+00:00,1.1059609461352695,1.1067609461352694,1.1051609461352696,1.1060609461352695,1023
2025-09-14 07:15:00+00:00,1.1064753849693283,1.1072753849693282,1.1056753849693284,1.1065753849693283,1011
2025-09-14 08:15:00+00:00,1.107186999847417,1.107986999847417,1.1063869998474172,1.107286999847417,1035
2025-09-14 09:15:00+00:00,1.1060623577555793,1.1068623577555792,1.1052623577555793,1.1061623577555793,1028
2025-09-14 10:15:00+00:00,1.1045282435848436,1.1053282435848435,1.1037282435848437,1.1046282435848436,1029
2025-09-14 11:15:00+00:00,1.105805920406742,1.106605920406742,1.1050059204067422,1.105905920406742,1023
2025-09-14 12:15:00+00:00,1.1061382344187216,1.1069382344187215,1.1053382344187217,1.1062382344187216,1004
2025-09-14 13:15:00+00:00,1.105389747882165,1.106189747882165,1.1045897478821651,1.105489747882165,1001
2025-09-14 14:15:00+00:00,1.1069408998576877,1.1077408998576876,1.1061408998576878,1.1070408998576877,1098
2025-09-14 15:15:00+00:00,1.1070565744919805,1.1078565744919804,1.1062565744919806,1.1071565744919805,1042
2025-09-14 16:15:00+00:00,1.1082358716760443,1.1090358716760442,1.1074358716760444,1.1083358716760443,1038
2025-09-14 17:15:00+00:00,1.1083033901574544,1.1091033901574543,1.1075033901574545,1.1084033901574544,1067
2025-09-14 18:15:00+00:00,1.1103641380823364,1.1111641380823363,1.1095641380823364,1.1104641380823363,1021
2025-09-14 19:15:00+00:00,1.1121194789247797,1.1129194789247796,1.1113194789247798,1.1122194789247797,1094
2025-09-14 20:15:00+00:00,1.1118705147763006,1.1126705147763005,1.1110705147763007,1.1119705147763006,1078
2025-09-14 21:15:00+00:00,1.112842085727255,1.1136420857272549,1.112042085727255,1.112942085727255,1008
2025-09-14 22:15:00+00:00,1.11348746167684,1.11428746167684,1.11268746167684,1.11358746167684,1041
2025-09-14 23:15:00+00:00,1.1148560932343725,1.1156560932343724,1.1140560932343726,1.1149560932343725,1087
2025-09-15 00:15:00+00:00,1.1138911697737923,1.1146911697737922,1.1130911697737924,1.1139911697737923,1094
2025-09-15 01:15:00+00:00,1.1145772212337908,1.1153772212337907,1.1137772212337909,1.1146772212337908,1046
2025-09-15 02:15:00+00:00,1.1156356457206404,1.1164356457206404,1.1148356457206405,1.1157356457206404,1061
2025-09-15 03:15:00+00:00,1.1138769062342173,1.1146769062342172,1.1130769062342174,1.1139769062342173,1016
2025-09-15 04:15:00+00:00,1.1126936477215514,1.1134936477215513,1.1118936477215515,1.1127936477215514,1099
2025-09-15 05:15:00+00:00,1.1106544155437914,1.1114544155437913,1.1098544155437915,1.1107544155437914,1023
2025-09-15 06:15:00+00:00,1.1103850087093468,1.1111850087093467,1.1095850087093468,1.1104850087093467,1094
2025-09-15 07:15:00+00:00,1.1111025509651427,1.1119025509651426,1.1103025509651427,1.1112025509651426,1064
2025-09-15 08:15:00+00:00,1.1126049080172389,1.1134049080172388,1.111804908017239,1.1127049080172389,1060
2025-09-15 09:15:00+00:00,1.1126790027976585,1.1134790027976584,1.1118790027976586,1.1127790027976585,1051
2025-09-15 10:15:00+00:00,1.1143076183432299,1.1151076183432298,1.11350761834323,1.1144076183432299,1023
2025-09-15 11:15:00+00:00,1.112927516885015,1.113727516885015,1.112127516885015,1.113027516885015,1017
2025-09-15 12:15:00+00:00,1.1112241344456597,1.1120241344456596,1.1104241344456598,1.1113241344456597,1022
2025-09-15 13:15:00+00:00,1.111168586746763,1.111968586746763,1.1103685867467632,1.111268586746763,1018
2025-09-15 14:15:00+00:00,1.1115526521957024,1.1123526521957023,1.1107526521957025,1.1116526521957024,1077
2025-09-15 15:15:00+00:00,1.1115199574476085,1.1123199574476084,1.1107199574476085,1.1116199574476084,1035
2025-09-15 16:15:00+00:00,1.1094525153475685,1.1102525153475684,1.1086525153475686,1.1095525153475685,1005
2025-09-15 17:15:00+00:00,1.1093633953080557,1.1101633953080556,1.1085633953080558,1.1094633953080557,1096
2025-09-15 18:15:00+00:00,1.1080589258075508,1.1088589258075507,1.107258925807551,1.1081589258075508,1088
2025-09-15 19:15:00+00:00,1.1087285983563808,1.1095285983563807,1.107928598356381,1.1088285983563808,1092
2025-09-15 20:15:00+00:00,1.1090951966024778,1.1098951966024777,1.1082951966024779,1.1091951966024778,1099
2025-09-15 21:15:00+00:00,1.1081553168161504,1.1089553168161503,1.1073553168161505,1.1082553168161504,1017
2025-09-15 22:15:00+00:00,1.1076414498988136,1.1084414498988135,1.1068414498988137,1.1077414498988136,1039
2025-09-15 23:15:00+00:00,1.1065822363769247,1.1073822363769246,1.1057822363769247,1.1066822363769246,1075
2025-09-16 00:15:00+00:00,1.1065195572796516,1.1073195572796515,1.1057195572796517,1.1066195572796516,1069
2025-09-16 01:15:00+00:00,1.1074746996001528,1.1082746996001527,1.1066746996001529,1.1075746996001528,1015
2025-09-16 02:15:00+00:00,1.1064889735538173,1.1072889735538172,1.1056889735538173,1.1065889735538172,1081
2025-09-16 03:15:00+00:00,1.1069930200693352,1.107793020069335,1.1061930200693353,1.1070930200693352,1022
2025-09-16 04:15:00+00:00,1.1064627624509626,1.1072627624509626,1.1056627624509627,1.1065627624509626,1022
2025-09-16 05:15:00+00:00,1.1056698896187003,1.1064698896187002,1.1048698896187004,1.1057698896187003,1053
2025-09-16 06:15:00+00:00,1.1055628592587459,1.1063628592587458,1.104762859258746,1.1056628592587459,1059
2025-09-16 07:15:00+00:00,1.1045276169363265,1.1053276169363264,1.1037276169363266,1.1046276169363265,1058
2025-09-16 08:15:00+00:00,1.1039739676309792,1.1047739676309791,1.1031739676309793,1.1040739676309792,1009
2025-09-16 09:15:00+00:00,1.1027760897383905,1.1035760897383904,1.1019760897383906,1.1028760897383905,1087
2025-09-16 10:15:00+00:00,1.1047408148713067,1.1055408148713066,1.1039408148713068,1.1048408148713067,1026
2025-09-16 11:15:00+00:00,1.1047760784232785,1.1055760784232784,1.1039760784232786,1.1048760784232785,1012
2025-09-16 12:15:00+00:00,1.104076352915286,1.1048763529152859,1.103276352915286,1.104176352915286,1088
2025-09-16 13:15:00+00:00,1.10429033282602,1.10509033282602,1.1034903328260202,1.10439033282602,1095
2025-09-16 14:15:00+00:00,1.1041780047763292,1.1049780047763291,1.1033780047763293,1.1042780047763292,1086
2025-09-16 15:15:00+00:00,1.103957035176796,1.104757035176796,1.103157035176796,1.104057035176796,1080
2025-09-16 16:15:00+00:00,1.1045712018768394,1.1053712018768393,1.1037712018768395,1.1046712018768394,1065
2025-09-16 17:15:00+00:00,1.105328709586887,1.1061287095868868,1.104528709586887,1.1054287095868869,1055
2025-09-16 18:15:00+00:00,1.1047982084392762,1.1055982084392761,1.1039982084392763,1.1048982084392762,1008
2025-09-16 19:15:00+00:00,1.1042223901986317,1.1050223901986316,1.1034223901986318,1.1043223901986317,1040
2025-09-16 20:15:00+00:00,1.10394733850148,1.1047473385014799,1.10314733850148,1.10404733850148,1037
2025-09-16 21:15:00+00:00,1.1016454173367445,1.1024454173367444,1.1008454173367446,1.1017454173367445,1025
2025-09-16 22:15:00+00:00,1.1001302262745458,1.1009302262745457,1.099330226274546,1.1002302262745458,1072
2025-09-16 23:15:00+00:00,1.1014971005419905,1.1022971005419904,1.1006971005419905,1.1015971005419904,1049
2025-09-17 00:15:00+00:00,1.1031420682554915,1.1039420682554915,1.1023420682554916,1.1032420682554915,1008
2025-09-17 01:15:00+00:00,1.1028930322159352,1.103693032215935,1.1020930322159352,1.1029930322159351,1022
2025-09-17 02:15:00+00:00,1.103469589178991,1.1042695891789909,1.102669589178991,1.103569589178991,1068
2025-09-17 03:15:00+00:00,1.1037808393335347,1.1045808393335346,1.1029808393335347,1.1038808393335346,1007
2025-09-17 04:15:00+00:00,1.1068597201419899,1.1076597201419898,1.10605972014199,1.1069597201419898,1085
2025-09-17 05:15:00+00:00,1.1079792950534244,1.1087792950534243,1.1071792950534245,1.1080792950534244,1049
2025-09-17 06:15:00+00:00,1.1078513774619436,1.1086513774619435,1.1070513774619437,1.1079513774619436,1048
2025-09-17 07:15:00+00:00,1.106895837021343,1.107695837021343,1.1060958370213432,1.106995837021343,1059
2025-09-17 08:15:00+00:00,1.1052893907010857,1.1060893907010856,1.1044893907010858,1.1053893907010857,1082
2025-09-17 09:15:00+00:00,1.1054928543369529,1.1062928543369528,1.104692854336953,1.1055928543369529,1034
2025-09-17 10:15:00+00:00,1.1047365035916685,1.1055365035916684,1.1039365035916686,1.1048365035916685,1067
2025-09-17 11:15:00+00:00,1.103314249882071,1.1041142498820709,1.102514249882071,1.103414249882071,1056
2025-09-17 12:15:00+00:00,1.1026676769978283,1.1034676769978282,1.1018676769978284,1.1027676769978283,1026
2025-09-17 13:15:00+00:00,1.101586128994214,1.1023861289942138,1.100786128994214,1.101686128994214,1087
2025-09-17 14:15:00+00:00,1.1032732706292865,1.1040732706292864,1.1024732706292866,1.1033732706292865,1079
2025-09-17 15:15:00+00:00,1.104154910386236,1.104954910386236,1.1033549103862361,1.104254910386236,1065
2025-09-17 16:15:00+00:00,1.1041469377449193,1.1049469377449193,1.1033469377449194,1.1042469377449193,1085
2025-09-17 17:15:00+00:00,1.1056268818838093,1.1064268818838092,1.1048268818838094,1.1057268818838093,1086
2025-09-17 18:15:00+00:00,1.105704250191457,1.1065042501914568,1.104904250191457,1.105804250191457,1070
2025-09-17 19:15:00+00:00,1.1048429659901287,1.1056429659901286,1.1040429659901287,1.1049429659901286,1083
2025-09-17 20:15:00+00:00,1.1063660900673984,1.1071660900673983,1.1055660900673985,1.1064660900673984,1069
2025-09-17 21:15:00+00:00,1.106905000111083,1.1077050001110829,1.106105000111083,1.107005000111083,1068
2025-09-17 22:15:00+00:00,1.1058677539567565,1.1066677539567564,1.1050677539567566,1.1059677539567565,1061
2025-09-17 23:15:00+00:00,1.105677415278673,1.106477415278673,1.1048774152786731,1.105777415278673,1075
2025-09-18 00:15:00+00:00,1.1048017970252881,1.105601797025288,1.1040017970252882,1.1049017970252881,1015
2025-09-18 01:15:00+00:00,1.1034189972943238,1.1042189972943237,1.1026189972943239,1.1035189972943238,1088
